1.	To list all records with sal > 2000 and comm>200 Ans :
mysql> select *
-> from emp
-> where sal > 2000 and comm > 200; Empty set (0.00 sec)

2.	To list all record with job=’Clerk’ or sal>2000
Ans :

mysql> select *
-> from emp
-> where job='clerk' or sal>2000;


3.	To list all the record with sal=1250 or 1100 or 2850 Ans:-

mysql> select *
-> from emp
-> where sal in(1250,1100,2850);

 
4.	To list all employees with sal>1250 and <2850 Ans:-

mysql> select *
-> from emp
-> where sal between 1250 and 2850;
 

5.	To list all employees with name ends with AS Ans:-

mysql> select *
-> from emp
-> where ename like '%AS'; Empty set (0.04 sec)

6.	To list all employees with job starts with C and ends with K Ans:-

mysql> select *
-> from emp
-> where job like 'c%k';
 
 

7.	To list all employees with job contains L at third position and M at third last position Ans:-

mysql> select *
-> from emp
-> where job like '   l%m    ';



8.	To list all the record with sal not equal to 1250 or 1100 or 2850 Ans:-

mysql> select *
-> from emp
-> where sal not in(1250,1100,2850);
 
 


9.	To list all employees with sal not >1250 and <2850 Ans:-

mysql> select *
-> from emp
-> where sal not between 1250 and 2850;

10.	To list all employees with job starts with C , E at 3rd position and ends with K Ans:-

mysql> select *
-> from emp
 
-> where job like 'c_e%k';



11.	To list all rows with comm is null Ans:-

mysql> select *
-> from emp
-> where comm is null;

12.	To list all employees with sal is null and name starts with ‘S
Ans:-


mysql> select *
-> from emp
 
-> where sal is null and ename like 's%'; Empty set (0.00 sec)
13.	To list all employees with job contains 5 characters Ans:-

mysql> select *
-> from emp
-> where job like '	';



14.	To list all employees with name contain ‘A’ at 1 position and job Contains 5
characters.
Ans:-


mysql> select *
-> from emp
-> where ename like 'a%' and job like '	';

 



Q2. Solve the following
1.	Retrieve the details (Name, Salary and dept no) of the emp who are working in department code 20, 30 and 40.


Ans :
mysql> select ename ,sal,deptno
-> from emp
-> where deptno in (20,30,40);

2.	Display the total salary of all employees . Total salary will be calculated as sal+comm+sal*0.10

Ans: mysql> select sal ,ename,round(sal+ifnull(comm,0)+sal*0.10,2) totalsal from emp;
 
 

3.	List the Name and job of the emp who have joined before 1 jan 1986 and whose salary range is between 1200 and 2500. Display the columns with user defined Column headers.
Ans :
mysql> select *
-> from emp
-> where hiredate <'1986-01-01' and sal between 1201 and 2499;
4.	List the emp no, name, and department number of the emp works under manager with id 7698
Ans:-

mysql> select empno,ename,deptno
-> from emp
-> where mgr=7698;
 
 

5.	List the name, job, and salary of the emp who are working in departments 10 and 30. Ans:-

mysql> select ename,job,sal
-> from emp
-> where deptno in (10,30);

6.	Display name concatenated with dept code separated by comma and space. Name
the column as ‘Emp info’.

Ans:-

mysql> select concat(ename, " , ",deptno) 'Emp info'from emp;
 
 


7.	Display the emp details who do not have manager. Ans :
mysql> select *
-> from emp
-> where mgr is null;
 



8.	Write a query which will display name, department no and date of joining of all employee who were joined
January 1, 1981 and March 31, 1983. Sort it based on date of joining (ascending). ; Ans :

mysql> select ename, deptno,hiredate
-> from emp
-> where hiredate between '1981-01-01' and '1983-03-31'
-> order by hiredate asc;
 
 


9.	Display the employee details where the job contains word ‘AGE’ anywhere in the
Job Ans:-
mysql> select *
-> from emp
-> where job like '%age%';


Or


mysql> select *
 
-> from emp
-> where job regexp '.*age.*';

11.	List the details of the employee , whose names start with ‘A’ and end with ‘S’ or whose names contains N as the second or third character, and ending with either ‘N’ or ‘S’.

Ans:-

mysql> select *
-> from emp
-> where ename like 'a%s' or '   n%n' or '    %s';

Or


mysql> select *
-> from emp
-> where ename regexp '^A.*S$|^..?N.*[NS]$';
 
 




12.	List the names of the emp having ‘_’ character in their name.
Ans:-

mysql> select ename
-> from emp
-> where ename regexp '.*_.*'; Empty set (0.00 sec)
 

Single Row functions :-

1.	To list all employees and their email, to generate email use 2 to 5 characters from ename Concat it with 2 to 4 characters in job and then concat it with
‘@mycompany.com’

Ans:-

mysql> select * , concat(substr(ename,2,5),substr(job,2,4),"@mycompany.com") gmail
-> from emp;
 
 



2.	List all employees who joined in September. Ans:-

mysql> select *
-> from emp
-> where month(hiredate)=09;


3.	List the empno, name, and department number of the emp who have experience of 18 or more years and sort them based on their experience.
Ans:-
mysql> select empno,ename,deptno,hiredate,floor(datediff(curdate(),hiredate)/365) experience
-> from emp
-> order by experience;
 
4.	Display the employee details who joined on 3rd of any month or any year Ans:-
mysql> select *
-> from emp
-> where day(hiredate)=3;




5.	display all employees who joined between years 1981 to 1983.
Ans:-

mysql> select *
-> from emp
-> where year(hiredate) between '1981-01-01' and '1983-12-31';
 
Group functions

6.	Display the Highest, Lowest, Total & Average salary of all employee. Label the columns Maximum, Minimum, Total and Average respectively for each Department. Also round the result to the nearest whole number.

Ans:-
mysql> select deptno, max(sal) Maximum, min(sal) minimum, sum(sal) total,ceil( avg(sal)) average
-> from emp
-> group by deptno;



7.	Display Department no and number of managers working in that department. Label
the column as ‘Total Number of Managers’ for each department.
Ans:-
mysql> select deptno,count(*) "Total no. of manager"
-> from emp
-> where job='manager'
-> group by deptno;

 


8.	Get the Department number, and sum of Salary of all non managers where the sum is greater than 20000
Ans:-




practice DQL statement


Write SQL statement for the following
1.	To find all managers with salary >1500 Ans:-

mysql> select *
-> from emp
-> where job='manager' and sal>1500;

2.	list all employees with sal >1200 and < 2000 Ans:-

mysql> select *
-> from emp
-> where sal between 1201 and 1999;
 
 

3.	list all employees with sal is 1600 or sal is 800 or sal is 1900 Ans:-mysql> select *
-> from emp
-> where sal in (1600,800,1900);





4.	list all employees with R at second last position in name Ans :mysql> select *
-> from emp
-> where ename like '%r_';

 
5.	List all employees with name starts with A and ends with N Ans : mysql> select *
-> from emp
-> where ename regexp '^a.*n$';





Q2. Solve following
1.	list all employees with salary > 1250 and dept no=30 Ans:-
mysql> select *
-> from emp
-> where sal >1250 and deptno=30;





2.	list all employees with salary >=1250 and <= 3000 Ans:-
mysql> select *
-> from emp
-> where sal between 1250 and 3000;
 
 


3.	list all employees with salary >1250 and < 3000 Ans:-
mysql> select *
-> from emp
-> where sal between 1251 and 2999;



4.	list all employees with salary either equal to 3000 or 1250 or 2500 Ans:-
mysql> select *
-> from emp
-> where sal in(3000,1250,2500);
 
 


5.	list all employee with name=SMITH Ans:-
mysql> select *
-> from emp
-> where ename='smith';





6.	list all employees with name starting with S Ans:-
mysql> select *
-> from emp
-> where ename like 's%';
 
 




7.	list all employees with name ending with S Ans:-
mysql> select *
-> from emp
-> where ename like '%s';



8.	list all employees with name contains I at 2nd position Ans:-
mysql> select *
-> from emp
-> where ename regexp '^.i.*$';
 
 


9.	list all employees with name starts with A ends with N and somewhere in between L is there
Ans:-


mysql> select *
-> from emp
-> where ename like 'A%l%n';





10.	list all employees with name starts with A and B at 3 rd position and P at second last position
Ans:-
mysql> select *
-> from emp
-> where ename regexp '^a.b.*p.'; Empty set (0.00 sec)
or
 

mysql> select *
-> from emp
-> where ename like 'A_b%p_'; Empty set (0.00 sec)





11.	List all employees with name starts with either A or starts with S or starts with W Ans:-

mysql> select *
-> from emp
-> where ename regexp '^[asw].*';



practice Aggregate functions


12.	find max sal and min sal for each job Ans:-
mysql> select max(sal),min(sal),job
-> from emp
 
-> group by job;



13.	find how many employess have not received commission Ans:-mysql> select count(*)
-> from emp
-> where comm is null or comm = 0;





14.	find sum of sal of all employees working in dept no 10 Ans :mysql> select sum(sal)
-> from emp
-> where deptno = 10;
 
 


15.	find maximum salary,average sal for each job in every department Ans :mysql> select job,max(sal),avg(sal)
-> from emp
-> group by job;



16.	find max salary for every department if deptno is > 15 and arrange data in deptno order.
Ans : mysql> select deptno,max(sal)
-> from emp
-> where deptno>15
-> group by deptno
-> order by deptno;
 
 


17.	find sum salary for every department if sum is > 3000 Ans : mysql> select deptno,sum(sal)
-> from emp
-> group by deptno
-> having sum(sal)>3000;



18.	list all department which has minimum 5 employees Ans:-mysql> select deptno,count(*) "no of employee"
-> from emp
-> group by deptno
-> having count(*)>=5;
 
 




19.	count how many employees earn salary more than 2000 in each job Ans:-mysql> select count(*),job
-> from emp
-> where sal>2000
-> group by job;



20.	list all enames and jobs in small case letter Ans:-mysql> select lower(ename),lower(job)
-> from emp;
 
 


21.	list all names and jobs so that the length of name should be 15 if it is smaller then add spaces to left
Ans:-
mysql> select lpad(ename,15," ")"Employee name",Job from emp;
+	+	+
| Employee name | Job	|
+	+	+
|	SMITH | CLERK	|
|	ALLEN | SALESMAN |
|	WARD | SALESMAN |
|	JONES | MANAGER |
|	MARTIN | SALESMAN |
|	BLAKE | MANAGER |
|	CLARK | MANAGER |
|	SCOTT | ANALYST |
|	KING | PRESIDENT |
|	TURNER | SALESMAN |
|	ADAMS | CLERK	|
|	JAMES | CLERK	|
 
|	FORD | ANALYST |
|	MILLER | CLERK	|
+	+	+ 14 rows in set (0.00 sec)




22.	display min sal,max sal, average sal for all employees working under same manager
Ans:-mysql> select mgr,min(sal),max(sal),ceil(avg(sal))
-> from emp
-> group by mgr;





23.	find sum of total earnings(sal+comm), average of sal+comm for all employees who earn sal > 2000 and work in either dept no 10 or 20
Ans:-
mysql> select sum(sal+ifnull(comm,0))"Sum of total earnings",avg(sal+ifnull(comm,0))"Average of Emp in dept 10 or 20 and sal 2000+" from emp where sal>2000 and deptno in (10,20);
+	+	+
| Sum of total earnings | Average of Emp in dept 10 or 20 and sal 2000+ |
+	+	+
 
|	16425.00 |	3285.000000 |
+	+	+ 1 row in set (0.00 sec)



mysql> select sum(sal+ifnull(comm,0)) "total earning",avg(sal+ifnull(comm,0)) average
-> from emp
-> where sal>2000 and deptno in(10,20);



24.	list all employees who joined in Aug 1980 and salary is >1500 and < 2500 Ans:-mysql> select *
-> from emp
-> where month(hiredate)=08 and year(hiredate)=1980 and sal between 1501 and 2499;
Empty set (0.00 sec)




25.	list all employees joined in either aug or may or dec Ans:-
mysql> select *
-> from emp
-> where month(hiredate) in(07,05,12);
 
 




26.	display name and hiredate in dd/mm/yy format for all employees whose job is clerk and they earn some commission
Ans:-


mysql> select ename,date_format(hiredate,'%d/%m/%y')
-> from emp
-> where job='CLERK' and comm is not null; Empty set (0.03 sec)
 




27.	list empcode,empno,name and job for each employee. (note :empcode is 3 to 5 characters from name and last 2 characters of job)
Ans:-
mysql> select concat(substr(ename,3,3),right(job,2)) empcode,empno,ename,job
-> from emp
-> ;
 
 




28.	display thousand separator and $ symbol for commission if it is null then display it as 0 for all employees whose name starts with A and ends with N
Ans:-


mysql> select format(sal,3),concat('$',format(ifnull(comm,0),2))
-> from emp
-> where ename regexp '^a.*N$';



29.	Display empid,name,sal,comm,remark Remark should base on following conditions comm >= 600 "excellent Keep it up" if it < 600 or not null "good" otherwise "Need improvement"
 
Ans:-
mysql> select empno,ename,sal,comm,case
-> when comm >=600 then "excellent Keep it up"
-> when comm <=600 then "good"
-> else "need improvement" end remark
-> from emp;





30.	Display empid, name, deptno and department name by using following conditions.
dept 10 then "Hr" if 20 then "Admin"
if 30 then "accounts" otherwise purchase Ans:-
mysql> select empno,ename,sal,comm,case
 
-> when deptno=10 then "Hr"
-> when deptno=20 then "Admin"
-> when deptno=30 then "accounts"
-> else "purchase" end department_name
-> from emp;

